{
  "4": {
    "best_w": [
      0.9283706308220335,
      0.06086967542259345,
      -0.05930977862042727,
      0.6467746733238265
    ],
    "S_min": 8.449251103351948e-06,
    "purity": 0.8594340471274634,
    "W_stability": 3.045165140472631,
    "baseline_S": 8.529905965963163e-06,
    "baseline_P": 0.861570942493596,
    "baseline_W": 17.200467439249284
  },
  "6": {
    "best_w": [
      1.6948333767196706,
      -0.11694707416769153,
      0.2535012599584784,
      0.2304867575956492
    ],
    "S_min": 0.0016740355070034745,
    "purity": 0.8276939192707428,
    "W_stability": 1.6153751627371475,
    "baseline_S": 0.0005728291498030563,
    "baseline_P": 0.8370597988793369,
    "baseline_W": 18.600394152331653
  },
  "8": {
    "best_w": [
      1.7765170933643752,
      -0.15773909743750508,
      0.2017769207303512,
      -0.6252445335610324
    ],
    "S_min": 0.004444960760810504,
    "purity": 0.8115477126197902,
    "W_stability": 1.6153751627371475,
    "baseline_S": 0.0024786962228482774,
    "baseline_P": 0.8162493177783826,
    "baseline_W": 18.069818983165376
  }
}